TimeStamp, ElapsedTime, frame #, FPS, logSize, QRDetection Status, isReplayed, PETOutputs
2026-08-2--19-20-47,0,1,59,203,True,False,{"t_ms":"0"|"faces_total":"0"|"faces_active":"0"|"faces_invalid":"0"|"palms_total":"0"|"pairs_total":"0"|"ms_face":"94.881"|"ms_palm":"0"|"ms_pose":"0"|"ms_blur":"0.001"|"ms_total":"101.882"|"faces":[]}
2026-08-2--19-20-47,0,2,59,402,True,False,{"t_ms":"0"|"faces_total":"0"|"faces_active":"0"|"faces_invalid":"0"|"palms_total":"0"|"pairs_total":"0"|"ms_face":"98.838"|"ms_palm":"0"|"ms_pose":"0"|"ms_blur":"0"|"ms_total":"102.543"|"faces":[]}
2026-08-2--19-20-47,0,3,57,599,True,False,{"t_ms":"0"|"faces_total":"0"|"faces_active":"0"|"faces_invalid":"0"|"palms_total":"0"|"pairs_total":"0"|"ms_face":"97.118"|"ms_palm":"0"|"ms_pose":"0"|"ms_blur":"0"|"ms_total":"98.83"|"faces":[]}
2026-08-2--19-20-47,0,4,7,797,False,False,{"t_ms":"0"|"faces_total":"0"|"faces_active":"0"|"faces_invalid":"0"|"palms_total":"0"|"pairs_total":"0"|"ms_face":"87.611"|"ms_palm":"0"|"ms_pose":"0"|"ms_blur":"0"|"ms_total":"95.986"|"faces":[]}
2026-08-2--19-20-47,0,5,4,995,False,False,{"t_ms":"0"|"faces_total":"0"|"faces_active":"0"|"faces_invalid":"0"|"palms_total":"0"|"pairs_total":"0"|"ms_face":"70.581"|"ms_palm":"0"|"ms_pose":"0"|"ms_blur":"0"|"ms_total":"72.445"|"faces":[]}
2026-08-2--19-20-47,0,6,5,1193,False,False,{"t_ms":"0"|"faces_total":"0"|"faces_active":"0"|"faces_invalid":"0"|"palms_total":"0"|"pairs_total":"0"|"ms_face":"74.953"|"ms_palm":"0"|"ms_pose":"0"|"ms_blur":"0"|"ms_total":"79.084"|"faces":[]}
2026-08-2--19-20-47,0,7,5,1391,False,False,{"t_ms":"0"|"faces_total":"0"|"faces_active":"0"|"faces_invalid":"0"|"palms_total":"0"|"pairs_total":"0"|"ms_face":"86.882"|"ms_palm":"0"|"ms_pose":"0"|"ms_blur":"0"|"ms_total":"90.817"|"faces":[]}
2026-08-2--19-20-47,0,8,6,1589,False,False,{"t_ms":"0"|"faces_total":"0"|"faces_active":"0"|"faces_invalid":"0"|"palms_total":"0"|"pairs_total":"0"|"ms_face":"72.838"|"ms_palm":"0"|"ms_pose":"0"|"ms_blur":"0"|"ms_total":"74.303"|"faces":[]}
2026-08-2--19-20-47,0,9,6,1791,False,False,{"t_ms":"0"|"faces_total":"0"|"faces_active":"0"|"faces_invalid":"0"|"palms_total":"0"|"pairs_total":"0"|"ms_face":"68.857"|"ms_palm":"0"|"ms_pose":"0"|"ms_blur":"0.001"|"ms_total":"72.896"|"faces":[]}
2026-08-2--19-20-47,0,10,7,1989,False,False,{"t_ms":"0"|"faces_total":"0"|"faces_active":"0"|"faces_invalid":"0"|"palms_total":"0"|"pairs_total":"0"|"ms_face":"68.611"|"ms_palm":"0"|"ms_pose":"0"|"ms_blur":"0"|"ms_total":"72.414"|"faces":[]}
2026-08-2--19-20-47,0,11,7,2187,False,False,{"t_ms":"0"|"faces_total":"0"|"faces_active":"0"|"faces_invalid":"0"|"palms_total":"0"|"pairs_total":"0"|"ms_face":"67.712"|"ms_palm":"0"|"ms_pose":"0"|"ms_blur":"0"|"ms_total":"71.494"|"faces":[]}
2026-08-2--19-20-47,0,12,8,2385,False,False,{"t_ms":"0"|"faces_total":"0"|"faces_active":"0"|"faces_invalid":"0"|"palms_total":"0"|"pairs_total":"0"|"ms_face":"71.004"|"ms_palm":"0"|"ms_pose":"0"|"ms_blur":"0"|"ms_total":"75.068"|"faces":[]}
2026-08-2--19-20-47,0,13,8,2583,False,False,{"t_ms":"0"|"faces_total":"0"|"faces_active":"0"|"faces_invalid":"0"|"palms_total":"0"|"pairs_total":"0"|"ms_face":"66.937"|"ms_palm":"0"|"ms_pose":"0"|"ms_blur":"0"|"ms_total":"68.408"|"faces":[]}
2026-08-2--19-20-47,0,14,9,2780,False,False,{"t_ms":"0"|"faces_total":"0"|"faces_active":"0"|"faces_invalid":"0"|"palms_total":"0"|"pairs_total":"0"|"ms_face":"70.57"|"ms_palm":"0"|"ms_pose":"0"|"ms_blur":"0"|"ms_total":"71.848"|"faces":[]}
2026-08-2--19-20-47,0,15,9,2978,False,False,{"t_ms":"0"|"faces_total":"0"|"faces_active":"0"|"faces_invalid":"0"|"palms_total":"0"|"pairs_total":"0"|"ms_face":"65.408"|"ms_palm":"0"|"ms_pose":"0"|"ms_blur":"0"|"ms_total":"66.727"|"faces":[]}
2026-08-2--19-20-47,0,16,9,3176,False,False,{"t_ms":"0"|"faces_total":"0"|"faces_active":"0"|"faces_invalid":"0"|"palms_total":"0"|"pairs_total":"0"|"ms_face":"70.925"|"ms_palm":"0"|"ms_pose":"0"|"ms_blur":"0"|"ms_total":"72.516"|"faces":[]}
2026-08-2--19-20-47,0,17,9,3373,False,False,{"t_ms":"0"|"faces_total":"0"|"faces_active":"0"|"faces_invalid":"0"|"palms_total":"0"|"pairs_total":"0"|"ms_face":"72.822"|"ms_palm":"0"|"ms_pose":"0"|"ms_blur":"0"|"ms_total":"74.58"|"faces":[]}
2026-08-2--19-20-47,0,18,9,3782,False,False,{"t_ms":"0"|"faces_total":"1"|"faces_active":"1"|"faces_invalid":"0"|"palms_total":"0"|"pairs_total":"0"|"ms_face":"81.607"|"ms_palm":"62.283"|"ms_pose":"0"|"ms_blur":"0"|"ms_total":"145.807"|"faces":[{"id":"1"|"bbox":"(819.871|473.886|81.686|106.354)"|"c":"(860.714|527.063)"|"active":"1"|"obf":"0"|"palm":"-1"|"g":"None"|"stable":"0"|"stableCnt":"0"|"stableReq":"2"|"toggle":"none"|"why":"noPalmMatched"}]}
2026-08-2--19-20-47,0,19,8,4192,False,False,{"t_ms":"0"|"faces_total":"1"|"faces_active":"1"|"faces_invalid":"0"|"palms_total":"0"|"pairs_total":"0"|"ms_face":"84.809"|"ms_palm":"37.678"|"ms_pose":"0"|"ms_blur":"0"|"ms_total":"124.063"|"faces":[{"id":"1"|"bbox":"(731.967|391.497|102.301|137.138)"|"c":"(783.117|460.066)"|"active":"1"|"obf":"0"|"palm":"-1"|"g":"None"|"stable":"0"|"stableCnt":"0"|"stableReq":"2"|"toggle":"none"|"why":"noPalmMatched"}]}
2026-08-2--19-20-47,0,20,8,4602,False,False,{"t_ms":"0"|"faces_total":"1"|"faces_active":"1"|"faces_invalid":"0"|"palms_total":"0"|"pairs_total":"0"|"ms_face":"70.351"|"ms_palm":"37.384"|"ms_pose":"0"|"ms_blur":"0"|"ms_total":"111.779"|"faces":[{"id":"1"|"bbox":"(733.026|388.981|103.855|137.646)"|"c":"(784.954|457.804)"|"active":"1"|"obf":"0"|"palm":"-1"|"g":"None"|"stable":"0"|"stableCnt":"0"|"stableReq":"2"|"toggle":"none"|"why":"noPalmMatched"}]}
2026-08-2--19-20-47,0,21,8,5012,False,False,{"t_ms":"0"|"faces_total":"1"|"faces_active":"1"|"faces_invalid":"0"|"palms_total":"0"|"pairs_total":"0"|"ms_face":"74.349"|"ms_palm":"34.305"|"ms_pose":"0"|"ms_blur":"0"|"ms_total":"109.981"|"faces":[{"id":"1"|"bbox":"(738.149|387.929|103.172|143.209)"|"c":"(789.735|459.533)"|"active":"1"|"obf":"0"|"palm":"-1"|"g":"None"|"stable":"0"|"stableCnt":"0"|"stableReq":"2"|"toggle":"none"|"why":"noPalmMatched"}]}
2026-08-2--19-20-47,0,22,7,5421,False,False,{"t_ms":"0"|"faces_total":"1"|"faces_active":"1"|"faces_invalid":"0"|"palms_total":"0"|"pairs_total":"0"|"ms_face":"64.428"|"ms_palm":"39.995"|"ms_pose":"0"|"ms_blur":"0"|"ms_total":"108.475"|"faces":[{"id":"1"|"bbox":"(735.574|389.889|101.809|139.542)"|"c":"(786.478|459.66)"|"active":"1"|"obf":"0"|"palm":"-1"|"g":"None"|"stable":"0"|"stableCnt":"0"|"stableReq":"2"|"toggle":"none"|"why":"noPalmMatched"}]}
2026-08-2--19-20-47,0,23,7,5831,False,False,{"t_ms":"0"|"faces_total":"1"|"faces_active":"1"|"faces_invalid":"0"|"palms_total":"0"|"pairs_total":"0"|"ms_face":"68.289"|"ms_palm":"39.754"|"ms_pose":"0"|"ms_blur":"0"|"ms_total":"109.298"|"faces":[{"id":"1"|"bbox":"(733.622|389.192|102.905|138.364)"|"c":"(785.074|458.375)"|"active":"1"|"obf":"0"|"palm":"-1"|"g":"None"|"stable":"0"|"stableCnt":"0"|"stableReq":"2"|"toggle":"none"|"why":"noPalmMatched"}]}
2026-08-2--19-20-47,0,24,7,6240,False,False,{"t_ms":"0"|"faces_total":"1"|"faces_active":"1"|"faces_invalid":"0"|"palms_total":"0"|"pairs_total":"0"|"ms_face":"79.598"|"ms_palm":"38.795"|"ms_pose":"0"|"ms_blur":"0"|"ms_total":"122.716"|"faces":[{"id":"1"|"bbox":"(735.21|387.405|102.078|138.717)"|"c":"(786.249|456.764)"|"active":"1"|"obf":"0"|"palm":"-1"|"g":"None"|"stable":"0"|"stableCnt":"0"|"stableReq":"2"|"toggle":"none"|"why":"noPalmMatched"}]}
2026-08-2--19-20-47,0,25,7,6649,False,False,{"t_ms":"0"|"faces_total":"1"|"faces_active":"1"|"faces_invalid":"0"|"palms_total":"0"|"pairs_total":"0"|"ms_face":"70.348"|"ms_palm":"38.074"|"ms_pose":"0"|"ms_blur":"0"|"ms_total":"110.276"|"faces":[{"id":"1"|"bbox":"(735.994|388.927|101.641|140.58)"|"c":"(786.814|459.217)"|"active":"1"|"obf":"0"|"palm":"-1"|"g":"None"|"stable":"0"|"stableCnt":"0"|"stableReq":"2"|"toggle":"none"|"why":"noPalmMatched"}]}
2026-08-2--19-20-47,0,26,7,7059,False,False,{"t_ms":"0"|"faces_total":"1"|"faces_active":"1"|"faces_invalid":"0"|"palms_total":"0"|"pairs_total":"0"|"ms_face":"74.242"|"ms_palm":"37.297"|"ms_pose":"0"|"ms_blur":"0"|"ms_total":"115.387"|"faces":[{"id":"1"|"bbox":"(736.132|389.651|102.463|141.382)"|"c":"(787.363|460.342)"|"active":"1"|"obf":"0"|"palm":"-1"|"g":"None"|"stable":"0"|"stableCnt":"0"|"stableReq":"2"|"toggle":"none"|"why":"noPalmMatched"}]}
2026-08-2--19-20-47,0,27,7,7469,False,False,{"t_ms":"0"|"faces_total":"1"|"faces_active":"1"|"faces_invalid":"0"|"palms_total":"0"|"pairs_total":"0"|"ms_face":"76.324"|"ms_palm":"40.986"|"ms_pose":"0"|"ms_blur":"0"|"ms_total":"118.708"|"faces":[{"id":"1"|"bbox":"(733.701|390.868|103.867|140.167)"|"c":"(785.635|460.951)"|"active":"1"|"obf":"0"|"palm":"-1"|"g":"None"|"stable":"0"|"stableCnt":"0"|"stableReq":"2"|"toggle":"none"|"why":"noPalmMatched"}]}
2026-08-2--19-20-47,0,28,7,7876,False,False,{"t_ms":"0"|"faces_total":"1"|"faces_active":"1"|"faces_invalid":"0"|"palms_total":"0"|"pairs_total":"0"|"ms_face":"71.432"|"ms_palm":"36.7"|"ms_pose":"0"|"ms_blur":"0"|"ms_total":"112.498"|"faces":[{"id":"1"|"bbox":"(732.439|390.408|104.038|139.91)"|"c":"(784.458|460.363)"|"active":"1"|"obf":"0"|"palm":"-1"|"g":"None"|"stable":"0"|"stableCnt":"0"|"stableReq":"2"|"toggle":"none"|"why":"noPalmMatched"}]}
2026-08-2--19-20-47,0,29,7,8286,False,False,{"t_ms":"0"|"faces_total":"1"|"faces_active":"1"|"faces_invalid":"0"|"palms_total":"0"|"pairs_total":"0"|"ms_face":"73.388"|"ms_palm":"35.586"|"ms_pose":"0"|"ms_blur":"0"|"ms_total":"110.309"|"faces":[{"id":"1"|"bbox":"(733.725|391.225|103.888|139.296)"|"c":"(785.669|460.873)"|"active":"1"|"obf":"0"|"palm":"-1"|"g":"None"|"stable":"0"|"stableCnt":"0"|"stableReq":"2"|"toggle":"none"|"why":"noPalmMatched"}]}
2026-08-2--19-20-47,0,30,7,8696,False,False,{"t_ms":"0"|"faces_total":"1"|"faces_active":"1"|"faces_invalid":"0"|"palms_total":"0"|"pairs_total":"0"|"ms_face":"77.045"|"ms_palm":"39.736"|"ms_pose":"0"|"ms_blur":"0"|"ms_total":"121.465"|"faces":[{"id":"1"|"bbox":"(730.003|390.842|104.321|140.447)"|"c":"(782.164|461.066)"|"active":"1"|"obf":"0"|"palm":"-1"|"g":"None"|"stable":"0"|"stableCnt":"0"|"stableReq":"2"|"toggle":"none"|"why":"noPalmMatched"}]}
2026-08-2--19-20-47,0,31,7,9104,False,False,{"t_ms":"0"|"faces_total":"1"|"faces_active":"1"|"faces_invalid":"0"|"palms_total":"0"|"pairs_total":"0"|"ms_face":"66.296"|"ms_palm":"37.82"|"ms_pose":"0"|"ms_blur":"0"|"ms_total":"105.839"|"faces":[{"id":"1"|"bbox":"(730.663|391.06|104.773|139.505)"|"c":"(783.049|460.813)"|"active":"1"|"obf":"0"|"palm":"-1"|"g":"None"|"stable":"0"|"stableCnt":"0"|"stableReq":"2"|"toggle":"none"|"why":"noPalmMatched"}]}
2026-08-2--19-20-47,0,32,7,9512,False,False,{"t_ms":"0"|"faces_total":"1"|"faces_active":"1"|"faces_invalid":"0"|"palms_total":"0"|"pairs_total":"0"|"ms_face":"71.455"|"ms_palm":"40.415"|"ms_pose":"0"|"ms_blur":"0"|"ms_total":"115.614"|"faces":[{"id":"1"|"bbox":"(731.83|391.518|105.101|139.436)"|"c":"(784.38|461.236)"|"active":"1"|"obf":"0"|"palm":"-1"|"g":"None"|"stable":"0"|"stableCnt":"0"|"stableReq":"2"|"toggle":"none"|"why":"noPalmMatched"}]}
2026-08-2--19-20-47,0,33,7,9920,False,False,{"t_ms":"0"|"faces_total":"1"|"faces_active":"1"|"faces_invalid":"0"|"palms_total":"0"|"pairs_total":"0"|"ms_face":"77.635"|"ms_palm":"43.369"|"ms_pose":"0"|"ms_blur":"0"|"ms_total":"123.315"|"faces":[{"id":"1"|"bbox":"(731.53|391.13|105.642|139.666)"|"c":"(784.351|460.963)"|"active":"1"|"obf":"0"|"palm":"-1"|"g":"None"|"stable":"0"|"stableCnt":"0"|"stableReq":"2"|"toggle":"none"|"why":"noPalmMatched"}]}
2026-08-2--19-20-47,0,34,7,10333,False,False,{"t_ms":"0"|"faces_total":"1"|"faces_active":"1"|"faces_invalid":"0"|"palms_total":"0"|"pairs_total":"0"|"ms_face":"71.74"|"ms_palm":"43.414"|"ms_pose":"0"|"ms_blur":"0.001"|"ms_total":"116.527"|"faces":[{"id":"1"|"bbox":"(732.854|391.696|104.083|138.639)"|"c":"(784.896|461.016)"|"active":"1"|"obf":"0"|"palm":"-1"|"g":"None"|"stable":"0"|"stableCnt":"0"|"stableReq":"2"|"toggle":"none"|"why":"noPalmMatched"}]}
2026-08-2--19-20-47,0,35,6,10743,False,False,{"t_ms":"0"|"faces_total":"1"|"faces_active":"1"|"faces_invalid":"0"|"palms_total":"0"|"pairs_total":"0"|"ms_face":"76.325"|"ms_palm":"36.579"|"ms_pose":"0"|"ms_blur":"0"|"ms_total":"117.771"|"faces":[{"id":"1"|"bbox":"(729.806|392.622|105.146|139.299)"|"c":"(782.379|462.272)"|"active":"1"|"obf":"0"|"palm":"-1"|"g":"None"|"stable":"0"|"stableCnt":"0"|"stableReq":"2"|"toggle":"none"|"why":"noPalmMatched"}]}
2026-08-2--19-20-47,0,36,6,11149,False,False,{"t_ms":"0"|"faces_total":"1"|"faces_active":"1"|"faces_invalid":"0"|"palms_total":"0"|"pairs_total":"0"|"ms_face":"70.674"|"ms_palm":"36.2"|"ms_pose":"0"|"ms_blur":"0"|"ms_total":"108.268"|"faces":[{"id":"1"|"bbox":"(731.2|391.238|105.203|142.808)"|"c":"(783.802|462.641)"|"active":"1"|"obf":"0"|"palm":"-1"|"g":"None"|"stable":"0"|"stableCnt":"0"|"stableReq":"2"|"toggle":"none"|"why":"noPalmMatched"}]}
2026-08-2--19-20-47,0,37,7,11559,False,False,{"t_ms":"0"|"faces_total":"1"|"faces_active":"1"|"faces_invalid":"0"|"palms_total":"0"|"pairs_total":"0"|"ms_face":"72.113"|"ms_palm":"37.458"|"ms_pose":"0"|"ms_blur":"0"|"ms_total":"118.663"|"faces":[{"id":"1"|"bbox":"(731.036|393.066|104.456|140.419)"|"c":"(783.264|463.275)"|"active":"1"|"obf":"0"|"palm":"-1"|"g":"None"|"stable":"0"|"stableCnt":"0"|"stableReq":"2"|"toggle":"none"|"why":"noPalmMatched"}]}
2026-08-2--19-20-47,0,38,6,11969,False,False,{"t_ms":"0"|"faces_total":"1"|"faces_active":"1"|"faces_invalid":"0"|"palms_total":"0"|"pairs_total":"0"|"ms_face":"85.062"|"ms_palm":"39.468"|"ms_pose":"0"|"ms_blur":"0"|"ms_total":"125.947"|"faces":[{"id":"1"|"bbox":"(731.103|393.584|103.242|139.965)"|"c":"(782.724|463.566)"|"active":"1"|"obf":"0"|"palm":"-1"|"g":"None"|"stable":"0"|"stableCnt":"0"|"stableReq":"2"|"toggle":"none"|"why":"noPalmMatched"}]}
2026-08-2--19-20-47,0,39,6,12375,False,True,{"t_ms":"0"|"faces_total":"1"|"faces_active":"1"|"faces_invalid":"0"|"palms_total":"0"|"pairs_total":"0"|"ms_face":"71.227"|"ms_palm":"36.751"|"ms_pose":"0"|"ms_blur":"0"|"ms_total":"109.346"|"faces":[{"id":"1"|"bbox":"(731.891|391|104.648|140.789)"|"c":"(784.215|461.394)"|"active":"1"|"obf":"0"|"palm":"-1"|"g":"None"|"stable":"0"|"stableCnt":"0"|"stableReq":"2"|"toggle":"none"|"why":"noPalmMatched"}]}
2026-08-2--19-20-47,129,40,6,12784,False,True,{"t_ms":"0"|"faces_total":"1"|"faces_active":"1"|"faces_invalid":"0"|"palms_total":"0"|"pairs_total":"0"|"ms_face":"71.061"|"ms_palm":"37.916"|"ms_pose":"0"|"ms_blur":"0"|"ms_total":"114.066"|"faces":[{"id":"1"|"bbox":"(732.556|390.845|103.297|139.34)"|"c":"(784.205|460.514)"|"active":"1"|"obf":"0"|"palm":"-1"|"g":"None"|"stable":"0"|"stableCnt":"0"|"stableReq":"2"|"toggle":"none"|"why":"noPalmMatched"}]}
2026-08-2--19-20-47,259,41,7,13193,False,True,{"t_ms":"0"|"faces_total":"1"|"faces_active":"1"|"faces_invalid":"0"|"palms_total":"0"|"pairs_total":"0"|"ms_face":"78.907"|"ms_palm":"36.76"|"ms_pose":"0"|"ms_blur":"0"|"ms_total":"117.006"|"faces":[{"id":"1"|"bbox":"(733.396|391.946|103.657|138.659)"|"c":"(785.225|461.275)"|"active":"1"|"obf":"0"|"palm":"-1"|"g":"None"|"stable":"0"|"stableCnt":"0"|"stableReq":"2"|"toggle":"none"|"why":"noPalmMatched"}]}
2026-08-2--19-20-47,395,42,7,13600,False,True,{"t_ms":"0"|"faces_total":"1"|"faces_active":"1"|"faces_invalid":"0"|"palms_total":"0"|"pairs_total":"0"|"ms_face":"76.274"|"ms_palm":"39.84"|"ms_pose":"0"|"ms_blur":"0"|"ms_total":"120.457"|"faces":[{"id":"1"|"bbox":"(734.48|390.641|104.059|141.024)"|"c":"(786.51|461.152)"|"active":"1"|"obf":"0"|"palm":"-1"|"g":"None"|"stable":"0"|"stableCnt":"0"|"stableReq":"2"|"toggle":"none"|"why":"noPalmMatched"}]}
2026-08-2--19-20-47,546,43,7,14008,False,True,{"t_ms":"0"|"faces_total":"1"|"faces_active":"1"|"faces_invalid":"0"|"palms_total":"0"|"pairs_total":"0"|"ms_face":"88.047"|"ms_palm":"40.091"|"ms_pose":"0"|"ms_blur":"0"|"ms_total":"130.05"|"faces":[{"id":"1"|"bbox":"(735.724|391.423|102.892|140.606)"|"c":"(787.17|461.726)"|"active":"1"|"obf":"0"|"palm":"-1"|"g":"None"|"stable":"0"|"stableCnt":"0"|"stableReq":"2"|"toggle":"none"|"why":"noPalmMatched"}]}
2026-08-2--19-20-47,701,44,6,14417,False,True,{"t_ms":"0"|"faces_total":"1"|"faces_active":"1"|"faces_invalid":"0"|"palms_total":"1"|"pairs_total":"0"|"ms_face":"71.884"|"ms_palm":"39.785"|"ms_pose":"0"|"ms_blur":"0"|"ms_total":"113.119"|"faces":[{"id":"1"|"bbox":"(733.674|389.291|77.708|103.455)"|"c":"(772.528|441.019)"|"active":"1"|"obf":"0"|"palm":"-1"|"g":"None"|"stable":"0"|"stableCnt":"0"|"stableReq":"2"|"toggle":"none"|"why":"noPalmMatched"}]}
2026-08-2--19-20-47,847,45,6,14825,False,True,{"t_ms":"0"|"faces_total":"1"|"faces_active":"1"|"faces_invalid":"0"|"palms_total":"0"|"pairs_total":"0"|"ms_face":"70.169"|"ms_palm":"39.825"|"ms_pose":"0"|"ms_blur":"0"|"ms_total":"114.257"|"faces":[{"id":"1"|"bbox":"(734.174|398.994|74.064|94.478)"|"c":"(771.205|446.233)"|"active":"1"|"obf":"0"|"palm":"-1"|"g":"None"|"stable":"0"|"stableCnt":"0"|"stableReq":"2"|"toggle":"none"|"why":"noPalmMatched"}]}
2026-08-2--19-20-47,978,46,7,15232,False,True,{"t_ms":"0"|"faces_total":"1"|"faces_active":"1"|"faces_invalid":"0"|"palms_total":"1"|"pairs_total":"0"|"ms_face":"77.18"|"ms_palm":"38.082"|"ms_pose":"0"|"ms_blur":"0"|"ms_total":"117.867"|"faces":[{"id":"1"|"bbox":"(735.993|405.957|69.727|89.887)"|"c":"(770.857|450.901)"|"active":"1"|"obf":"0"|"palm":"-1"|"g":"None"|"stable":"0"|"stableCnt":"0"|"stableReq":"2"|"toggle":"none"|"why":"noPalmMatched"}]}
2026-08-2--19-20-47,1133,47,6,15440,False,True,{"t_ms":"0"|"faces_total":"1"|"faces_active":"1"|"faces_invalid":"0"|"palms_total":"1"|"pairs_total":"1"|"ms_face":"68.479"|"ms_palm":"35.86"|"ms_pose":"38.813"|"ms_blur":"0"|"ms_total":"146.824"|"faces":[]}
2026-08-2--19-20-47,1321,48,6,15848,False,True,{"t_ms":"0"|"faces_total":"1"|"faces_active":"1"|"faces_invalid":"0"|"palms_total":"0"|"pairs_total":"0"|"ms_face":"84.533"|"ms_palm":"40.426"|"ms_pose":"0"|"ms_blur":"0"|"ms_total":"126.536"|"faces":[{"id":"1"|"bbox":"(739.583|422.704|63.928|83.482)"|"c":"(771.547|464.445)"|"active":"1"|"obf":"0"|"palm":"-1"|"g":"None"|"stable":"0"|"stableCnt":"0"|"stableReq":"2"|"toggle":"none"|"why":"noPalmMatched"}]}
2026-08-2--19-20-47,1486,49,6,16254,False,True,{"t_ms":"0"|"faces_total":"1"|"faces_active":"1"|"faces_invalid":"0"|"palms_total":"0"|"pairs_total":"0"|"ms_face":"74.654"|"ms_palm":"41.995"|"ms_pose":"0"|"ms_blur":"0"|"ms_total":"117.975"|"faces":[{"id":"1"|"bbox":"(739.372|426.716|62.456|81.734)"|"c":"(770.6|467.583)"|"active":"1"|"obf":"0"|"palm":"-1"|"g":"None"|"stable":"0"|"stableCnt":"0"|"stableReq":"2"|"toggle":"none"|"why":"noPalmMatched"}]}
2026-08-2--19-20-47,1630,50,6,16665,False,True,{"t_ms":"0"|"faces_total":"1"|"faces_active":"1"|"faces_invalid":"0"|"palms_total":"0"|"pairs_total":"0"|"ms_face":"78.795"|"ms_palm":"34.185"|"ms_pose":"0"|"ms_blur":"0.001"|"ms_total":"117.239"|"faces":[{"id":"1"|"bbox":"(739.134|430.982|59.271|78.39)"|"c":"(768.769|470.177)"|"active":"1"|"obf":"0"|"palm":"-1"|"g":"None"|"stable":"0"|"stableCnt":"0"|"stableReq":"2"|"toggle":"none"|"why":"noPalmMatched"}]}
2026-08-2--19-20-47,1761,51,6,17073,False,True,{"t_ms":"0"|"faces_total":"1"|"faces_active":"1"|"faces_invalid":"0"|"palms_total":"0"|"pairs_total":"0"|"ms_face":"67.188"|"ms_palm":"35.727"|"ms_pose":"0"|"ms_blur":"0"|"ms_total":"104.155"|"faces":[{"id":"1"|"bbox":"(740.282|427.026|62.106|80.783)"|"c":"(771.335|467.417)"|"active":"1"|"obf":"0"|"palm":"-1"|"g":"None"|"stable":"0"|"stableCnt":"0"|"stableReq":"2"|"toggle":"none"|"why":"noPalmMatched"}]}
2026-08-2--19-20-47,1897,52,6,17481,False,True,{"t_ms":"0"|"faces_total":"1"|"faces_active":"1"|"faces_invalid":"0"|"palms_total":"0"|"pairs_total":"0"|"ms_face":"73.326"|"ms_palm":"34.834"|"ms_pose":"0"|"ms_blur":"0"|"ms_total":"112.574"|"faces":[{"id":"1"|"bbox":"(738.586|422.948|64.172|84.026)"|"c":"(770.672|464.961)"|"active":"1"|"obf":"0"|"palm":"-1"|"g":"None"|"stable":"0"|"stableCnt":"0"|"stableReq":"2"|"toggle":"none"|"why":"noPalmMatched"}]}
2026-08-2--19-20-47,2030,53,6,17889,False,True,{"t_ms":"0"|"faces_total":"1"|"faces_active":"1"|"faces_invalid":"0"|"palms_total":"0"|"pairs_total":"0"|"ms_face":"78.925"|"ms_palm":"40.282"|"ms_pose":"0"|"ms_blur":"0"|"ms_total":"120.362"|"faces":[{"id":"1"|"bbox":"(736.189|422.451|64.491|83.956)"|"c":"(768.435|464.429)"|"active":"1"|"obf":"0"|"palm":"-1"|"g":"None"|"stable":"0"|"stableCnt":"0"|"stableReq":"2"|"toggle":"none"|"why":"noPalmMatched"}]}
2026-08-2--19-20-47,2182,54,6,18297,False,True,{"t_ms":"0"|"faces_total":"1"|"faces_active":"1"|"faces_invalid":"0"|"palms_total":"0"|"pairs_total":"0"|"ms_face":"74.359"|"ms_palm":"38.771"|"ms_pose":"0"|"ms_blur":"0"|"ms_total":"117.383"|"faces":[{"id":"1"|"bbox":"(734.032|422.153|65.814|83.519)"|"c":"(766.939|463.913)"|"active":"1"|"obf":"0"|"palm":"-1"|"g":"None"|"stable":"0"|"stableCnt":"0"|"stableReq":"2"|"toggle":"none"|"why":"noPalmMatched"}]}
2026-08-2--19-20-47,2334,55,6,18506,False,True,{"t_ms":"0"|"faces_total":"1"|"faces_active":"1"|"faces_invalid":"0"|"palms_total":"1"|"pairs_total":"1"|"ms_face":"74.755"|"ms_palm":"39.037"|"ms_pose":"22.507"|"ms_blur":"0"|"ms_total":"137.852"|"faces":[]}
2026-08-2--19-20-47,2503,56,6,18714,False,True,{"t_ms":"0"|"faces_total":"1"|"faces_active":"1"|"faces_invalid":"0"|"palms_total":"1"|"pairs_total":"1"|"ms_face":"75.28"|"ms_palm":"35.928"|"ms_pose":"24.077"|"ms_blur":"0"|"ms_total":"136.646"|"faces":[]}
2026-08-2--19-20-47,2669,57,6,18927,False,True,{"t_ms":"0"|"faces_total":"1"|"faces_active":"1"|"faces_invalid":"0"|"palms_total":"1"|"pairs_total":"1"|"ms_face":"75.883"|"ms_palm":"36.378"|"ms_pose":"25.618"|"ms_blur":"0.001"|"ms_total":"139.308"|"faces":[]}
2026-08-2--19-20-47,2836,58,6,19136,False,True,{"t_ms":"0"|"faces_total":"1"|"faces_active":"1"|"faces_invalid":"0"|"palms_total":"1"|"pairs_total":"1"|"ms_face":"69.583"|"ms_palm":"36.507"|"ms_pose":"27.545"|"ms_blur":"0"|"ms_total":"135.022"|"faces":[]}
2026-08-2--19-20-47,3002,59,6,19543,False,True,{"t_ms":"0"|"faces_total":"1"|"faces_active":"1"|"faces_invalid":"0"|"palms_total":"0"|"pairs_total":"0"|"ms_face":"71.28"|"ms_palm":"37.636"|"ms_pose":"0"|"ms_blur":"0"|"ms_total":"110.509"|"faces":[{"id":"1"|"bbox":"(734.455|413.667|74.768|96.705)"|"c":"(771.839|462.019)"|"active":"1"|"obf":"0"|"palm":"-1"|"g":"None"|"stable":"0"|"stableCnt":"0"|"stableReq":"2"|"toggle":"none"|"why":"noPalmMatched"}]}
2026-08-2--19-20-47,3132,60,6,19954,False,True,{"t_ms":"0"|"faces_total":"1"|"faces_active":"1"|"faces_invalid":"0"|"palms_total":"0"|"pairs_total":"0"|"ms_face":"77.107"|"ms_palm":"35.646"|"ms_pose":"0"|"ms_blur":"0.001"|"ms_total":"117.144"|"faces":[{"id":"1"|"bbox":"(734.313|413.444|75.539|97.65)"|"c":"(772.082|462.269)"|"active":"1"|"obf":"0"|"palm":"-1"|"g":"None"|"stable":"0"|"stableCnt":"0"|"stableReq":"2"|"toggle":"none"|"why":"noPalmMatched"}]}
2026-08-2--19-20-47,3265,61,6,20362,False,True,{"t_ms":"0"|"faces_total":"1"|"faces_active":"1"|"faces_invalid":"0"|"palms_total":"0"|"pairs_total":"0"|"ms_face":"66.921"|"ms_palm":"44.556"|"ms_pose":"0"|"ms_blur":"0"|"ms_total":"112.741"|"faces":[{"id":"1"|"bbox":"(730.294|411.579|77.543|99.276)"|"c":"(769.065|461.217)"|"active":"1"|"obf":"0"|"palm":"-1"|"g":"None"|"stable":"0"|"stableCnt":"0"|"stableReq":"2"|"toggle":"none"|"why":"noPalmMatched"}]}
2026-08-2--19-20-47,3399,62,6,20768,False,True,{"t_ms":"0"|"faces_total":"1"|"faces_active":"1"|"faces_invalid":"0"|"palms_total":"0"|"pairs_total":"0"|"ms_face":"81.695"|"ms_palm":"40.61"|"ms_pose":"0"|"ms_blur":"0"|"ms_total":"126.699"|"faces":[{"id":"1"|"bbox":"(730.631|412.252|77.191|98.41)"|"c":"(769.227|461.457)"|"active":"1"|"obf":"0"|"palm":"-1"|"g":"None"|"stable":"0"|"stableCnt":"0"|"stableReq":"2"|"toggle":"none"|"why":"noPalmMatched"}]}
2026-08-2--19-20-47,3551,63,6,21176,False,True,{"t_ms":"0"|"faces_total":"1"|"faces_active":"1"|"faces_invalid":"0"|"palms_total":"0"|"pairs_total":"0"|"ms_face":"66.378"|"ms_palm":"36.146"|"ms_pose":"0"|"ms_blur":"0"|"ms_total":"103.745"|"faces":[{"id":"1"|"bbox":"(733.761|412.904|77.268|98.906)"|"c":"(772.395|462.357)"|"active":"1"|"obf":"0"|"palm":"-1"|"g":"None"|"stable":"0"|"stableCnt":"0"|"stableReq":"2"|"toggle":"none"|"why":"noPalmMatched"}]}
2026-08-2--19-20-47,3689,64,6,21383,False,True,{"t_ms":"0"|"faces_total":"1"|"faces_active":"1"|"faces_invalid":"0"|"palms_total":"1"|"pairs_total":"1"|"ms_face":"73.57"|"ms_palm":"38.358"|"ms_pose":"25.14"|"ms_blur":"0"|"ms_total":"138.599"|"faces":[]}
2026-08-2--19-20-47,3855,65,6,21792,False,True,{"t_ms":"0"|"faces_total":"1"|"faces_active":"1"|"faces_invalid":"0"|"palms_total":"0"|"pairs_total":"0"|"ms_face":"75.466"|"ms_palm":"35.266"|"ms_pose":"0"|"ms_blur":"0"|"ms_total":"112.001"|"faces":[{"id":"1"|"bbox":"(733.205|412.468|77.119|100.041)"|"c":"(771.765|462.488)"|"active":"1"|"obf":"0"|"palm":"-1"|"g":"None"|"stable":"0"|"stableCnt":"0"|"stableReq":"2"|"toggle":"none"|"why":"noPalmMatched"}]}
2026-08-2--19-20-47,3984,66,6,22001,False,True,{"t_ms":"0"|"faces_total":"1"|"faces_active":"1"|"faces_invalid":"0"|"palms_total":"1"|"pairs_total":"1"|"ms_face":"70.015"|"ms_palm":"39.203"|"ms_pose":"27.535"|"ms_blur":"0"|"ms_total":"140.781"|"faces":[]}
2026-08-2--19-20-47,4154,67,6,22409,False,True,{"t_ms":"0"|"faces_total":"1"|"faces_active":"1"|"faces_invalid":"0"|"palms_total":"0"|"pairs_total":"0"|"ms_face":"79.375"|"ms_palm":"38.309"|"ms_pose":"0"|"ms_blur":"0"|"ms_total":"119.104"|"faces":[{"id":"1"|"bbox":"(733.372|414.377|76.821|99.381)"|"c":"(771.783|464.068)"|"active":"1"|"obf":"0"|"palm":"-1"|"g":"None"|"stable":"0"|"stableCnt":"0"|"stableReq":"2"|"toggle":"none"|"why":"noPalmMatched"}]}
2026-08-2--19-20-47,4301,68,6,22617,False,True,{"t_ms":"0"|"faces_total":"1"|"faces_active":"1"|"faces_invalid":"0"|"palms_total":"1"|"pairs_total":"1"|"ms_face":"71.67"|"ms_palm":"37.828"|"ms_pose":"21.426"|"ms_blur":"0"|"ms_total":"135.102"|"faces":[]}
2026-08-2--19-20-47,4471,69,6,22825,False,True,{"t_ms":"0"|"faces_total":"1"|"faces_active":"1"|"faces_invalid":"0"|"palms_total":"1"|"pairs_total":"1"|"ms_face":"67.439"|"ms_palm":"36.727"|"ms_pose":"22.43"|"ms_blur":"0"|"ms_total":"128.624"|"faces":[]}
2026-08-2--19-20-47,4622,70,6,23033,False,True,{"t_ms":"0"|"faces_total":"1"|"faces_active":"1"|"faces_invalid":"0"|"palms_total":"1"|"pairs_total":"1"|"ms_face":"72.452"|"ms_palm":"37.521"|"ms_pose":"24.145"|"ms_blur":"0"|"ms_total":"135.65"|"faces":[]}
2026-08-2--19-20-47,4790,71,6,23240,False,True,{"t_ms":"0"|"faces_total":"1"|"faces_active":"1"|"faces_invalid":"0"|"palms_total":"1"|"pairs_total":"1"|"ms_face":"70.533"|"ms_palm":"40.44"|"ms_pose":"23.97"|"ms_blur":"0"|"ms_total":"136.507"|"faces":[]}
2026-08-2--19-20-47,4957,72,6,23449,False,True,{"t_ms":"0"|"faces_total":"1"|"faces_active":"1"|"faces_invalid":"0"|"palms_total":"1"|"pairs_total":"1"|"ms_face":"68.467"|"ms_palm":"34.888"|"ms_pose":"28.031"|"ms_blur":"0"|"ms_total":"132.623"|"faces":[]}
2026-08-2--19-20-47,5124,73,6,23856,False,True,{"t_ms":"0"|"faces_total":"1"|"faces_active":"1"|"faces_invalid":"0"|"palms_total":"0"|"pairs_total":"0"|"ms_face":"71.836"|"ms_palm":"44.045"|"ms_pose":"0"|"ms_blur":"0"|"ms_total":"117.343"|"faces":[{"id":"1"|"bbox":"(740.483|415.76|74.675|97.316)"|"c":"(777.821|464.418)"|"active":"1"|"obf":"0"|"palm":"-1"|"g":"None"|"stable":"0"|"stableCnt":"0"|"stableReq":"2"|"toggle":"none"|"why":"noPalmMatched"}]}
2026-08-2--19-20-47,5265,74,6,24264,False,True,{"t_ms":"0"|"faces_total":"1"|"faces_active":"1"|"faces_invalid":"0"|"palms_total":"0"|"pairs_total":"0"|"ms_face":"82.753"|"ms_palm":"43.352"|"ms_pose":"0"|"ms_blur":"0"|"ms_total":"129.968"|"faces":[{"id":"1"|"bbox":"(742.309|417.748|72.688|95.831)"|"c":"(778.653|465.663)"|"active":"1"|"obf":"0"|"palm":"-1"|"g":"None"|"stable":"0"|"stableCnt":"0"|"stableReq":"2"|"toggle":"none"|"why":"noPalmMatched"}]}
2026-08-2--19-20-47,5424,75,6,24672,False,True,{"t_ms":"0"|"faces_total":"1"|"faces_active":"1"|"faces_invalid":"0"|"palms_total":"0"|"pairs_total":"0"|"ms_face":"70.071"|"ms_palm":"37.986"|"ms_pose":"0"|"ms_blur":"0"|"ms_total":"109.548"|"faces":[{"id":"1"|"bbox":"(741.996|419.338|72.642|94.287)"|"c":"(778.317|466.481)"|"active":"1"|"obf":"0"|"palm":"-1"|"g":"None"|"stable":"0"|"stableCnt":"0"|"stableReq":"2"|"toggle":"none"|"why":"noPalmMatched"}]}
2026-08-2--19-20-47,5555,76,6,25090,False,True,{"t_ms":"0"|"faces_total":"1"|"faces_active":"1"|"faces_invalid":"0"|"palms_total":"1"|"pairs_total":"1"|"ms_face":"72.827"|"ms_palm":"37.285"|"ms_pose":"28.793"|"ms_blur":"0"|"ms_total":"142.881"|"faces":[{"id":"1"|"bbox":"(741.654|419.241|73.036|94.8)"|"c":"(778.171|466.641)"|"active":"1"|"obf":"0"|"palm":"0"|"g":"ThumbsUp"|"stable":"1"|"stableCnt":"999"|"stableReq":"2"|"toggle":"none"|"why":"gestureNoToggle"}]}
2026-08-2--19-20-47,5725,77,6,25499,False,True,{"t_ms":"0"|"faces_total":"1"|"faces_active":"1"|"faces_invalid":"0"|"palms_total":"0"|"pairs_total":"0"|"ms_face":"73.217"|"ms_palm":"38.34"|"ms_pose":"0"|"ms_blur":"0"|"ms_total":"112.983"|"faces":[{"id":"1"|"bbox":"(741.259|420.322|72.898|93.484)"|"c":"(777.708|467.064)"|"active":"1"|"obf":"0"|"palm":"-1"|"g":"None"|"stable":"0"|"stableCnt":"999"|"stableReq":"2"|"toggle":"none"|"why":"noPalmMatched"}]}
2026-08-2--19-20-47,5870,78,6,25909,False,True,{"t_ms":"0"|"faces_total":"1"|"faces_active":"1"|"faces_invalid":"0"|"palms_total":"0"|"pairs_total":"0"|"ms_face":"69.268"|"ms_palm":"38.135"|"ms_pose":"0"|"ms_blur":"0"|"ms_total":"111.496"|"faces":[{"id":"1"|"bbox":"(741.264|420.817|73.047|93.716)"|"c":"(777.787|467.675)"|"active":"1"|"obf":"0"|"palm":"-1"|"g":"None"|"stable":"0"|"stableCnt":"999"|"stableReq":"2"|"toggle":"none"|"why":"noPalmMatched"}]}
2026-08-2--19-20-47,6005,79,6,26321,False,True,{"t_ms":"0"|"faces_total":"1"|"faces_active":"1"|"faces_invalid":"0"|"palms_total":"0"|"pairs_total":"0"|"ms_face":"73.239"|"ms_palm":"38.371"|"ms_pose":"0"|"ms_blur":"0.001"|"ms_total":"113.02"|"faces":[{"id":"1"|"bbox":"(741.234|420.975|71.727|92.78)"|"c":"(777.098|467.365)"|"active":"1"|"obf":"0"|"palm":"-1"|"g":"None"|"stable":"0"|"stableCnt":"999"|"stableReq":"2"|"toggle":"none"|"why":"noPalmMatched"}]}
2026-08-2--19-20-47,6138,80,6,26741,False,True,{"t_ms":"0"|"faces_total":"1"|"faces_active":"1"|"faces_invalid":"0"|"palms_total":"1"|"pairs_total":"1"|"ms_face":"73.523"|"ms_palm":"43.425"|"ms_pose":"23.362"|"ms_blur":"0"|"ms_total":"144.703"|"faces":[{"id":"1"|"bbox":"(741.369|421.252|71.899|92.153)"|"c":"(777.319|467.329)"|"active":"1"|"obf":"0"|"palm":"0"|"g":"ThumbsUp"|"stable":"1"|"stableCnt":"999"|"stableReq":"2"|"toggle":"none"|"why":"gestureNoToggle"}]}
2026-08-2--19-20-47,6307,81,6,27149,False,True,{"t_ms":"0"|"faces_total":"1"|"faces_active":"1"|"faces_invalid":"0"|"palms_total":"1"|"pairs_total":"1"|"ms_face":"80.444"|"ms_palm":"38.767"|"ms_pose":"24.412"|"ms_blur":"0"|"ms_total":"145.989"|"faces":[{"id":"1"|"bbox":"(740.161|419.067|74.103|95.214)"|"c":"(777.213|466.674)"|"active":"1"|"obf":"1"|"palm":"0"|"g":"OpenPalm"|"stable":"1"|"stableCnt":"0"|"stableReq":"2"|"toggle":"on"|"why":"gesture"}]}
2026-08-2--19-20-47,6477,82,6,27573,False,True,{"t_ms":"0"|"faces_total":"1"|"faces_active":"1"|"faces_invalid":"0"|"palms_total":"1"|"pairs_total":"1"|"ms_face":"67.264"|"ms_palm":"34.932"|"ms_pose":"22.594"|"ms_blur":"0.407"|"ms_total":"126.653"|"faces":[{"id":"1"|"bbox":"(739.846|419.981|73.512|94.606)"|"c":"(776.602|467.284)"|"active":"1"|"obf":"1"|"palm":"0"|"g":"OpenPalm"|"stable":"1"|"stableCnt":"999"|"stableReq":"2"|"toggle":"none"|"why":"gestureNoToggle"}]}
2026-08-2--19-20-47,6628,83,6,27996,False,True,{"t_ms":"0"|"faces_total":"1"|"faces_active":"1"|"faces_invalid":"0"|"palms_total":"1"|"pairs_total":"1"|"ms_face":"74.151"|"ms_palm":"37.562"|"ms_pose":"23.674"|"ms_blur":"0.318"|"ms_total":"137.301"|"faces":[{"id":"1"|"bbox":"(740.232|418.679|73.977|96.866)"|"c":"(777.22|467.112)"|"active":"1"|"obf":"1"|"palm":"0"|"g":"OpenPalm"|"stable":"1"|"stableCnt":"999"|"stableReq":"2"|"toggle":"none"|"why":"gestureNoToggle"}]}
2026-08-2--19-20-47,6796,84,6,28419,False,True,{"t_ms":"0"|"faces_total":"1"|"faces_active":"1"|"faces_invalid":"0"|"palms_total":"1"|"pairs_total":"1"|"ms_face":"70.262"|"ms_palm":"37.25"|"ms_pose":"23.598"|"ms_blur":"0.288"|"ms_total":"132.906"|"faces":[{"id":"1"|"bbox":"(739.963|419.826|73.822|94.922)"|"c":"(776.873|467.288)"|"active":"1"|"obf":"1"|"palm":"0"|"g":"OpenPalm"|"stable":"1"|"stableCnt":"999"|"stableReq":"2"|"toggle":"none"|"why":"gestureNoToggle"}]}
2026-08-2--19-20-47,6961,85,6,28842,False,True,{"t_ms":"0"|"faces_total":"1"|"faces_active":"1"|"faces_invalid":"0"|"palms_total":"1"|"pairs_total":"1"|"ms_face":"78.525"|"ms_palm":"39.801"|"ms_pose":"25.296"|"ms_blur":"0.283"|"ms_total":"145.357"|"faces":[{"id":"1"|"bbox":"(739.631|419.105|71.136|96.14)"|"c":"(775.199|467.175)"|"active":"1"|"obf":"1"|"palm":"0"|"g":"OpenPalm"|"stable":"1"|"stableCnt":"999"|"stableReq":"2"|"toggle":"none"|"why":"gestureNoToggle"}]}
2026-08-2--19-20-47,7130,86,6,29265,False,True,{"t_ms":"0"|"faces_total":"1"|"faces_active":"1"|"faces_invalid":"0"|"palms_total":"1"|"pairs_total":"1"|"ms_face":"85.715"|"ms_palm":"36.987"|"ms_pose":"23.469"|"ms_blur":"0.29"|"ms_total":"147.927"|"faces":[{"id":"1"|"bbox":"(739.064|419.484|72.191|96.065)"|"c":"(775.159|467.517)"|"active":"1"|"obf":"1"|"palm":"0"|"g":"OpenPalm"|"stable":"1"|"stableCnt":"999"|"stableReq":"2"|"toggle":"none"|"why":"gestureNoToggle"}]}
2026-08-2--19-20-47,7312,87,6,29687,False,True,{"t_ms":"0"|"faces_total":"1"|"faces_active":"1"|"faces_invalid":"0"|"palms_total":"1"|"pairs_total":"1"|"ms_face":"68.583"|"ms_palm":"42.75"|"ms_pose":"24.63"|"ms_blur":"0.327"|"ms_total":"139.194"|"faces":[{"id":"1"|"bbox":"(739.559|418.119|73.174|97.344)"|"c":"(776.145|466.791)"|"active":"1"|"obf":"1"|"palm":"0"|"g":"OpenPalm"|"stable":"1"|"stableCnt":"999"|"stableReq":"2"|"toggle":"none"|"why":"gestureNoToggle"}]}
2026-08-2--19-20-47,7478,88,6,30110,False,True,{"t_ms":"0"|"faces_total":"1"|"faces_active":"1"|"faces_invalid":"0"|"palms_total":"1"|"pairs_total":"1"|"ms_face":"78.695"|"ms_palm":"37.862"|"ms_pose":"23.457"|"ms_blur":"0.304"|"ms_total":"142.703"|"faces":[{"id":"1"|"bbox":"(739.603|419.231|70.974|96.756)"|"c":"(775.09|467.609)"|"active":"1"|"obf":"1"|"palm":"0"|"g":"OpenPalm"|"stable":"1"|"stableCnt":"999"|"stableReq":"2"|"toggle":"none"|"why":"gestureNoToggle"}]}
2026-08-2--19-20-47,7645,89,6,30531,False,True,{"t_ms":"0"|"faces_total":"1"|"faces_active":"1"|"faces_invalid":"0"|"palms_total":"1"|"pairs_total":"1"|"ms_face":"74.688"|"ms_palm":"35.251"|"ms_pose":"21.597"|"ms_blur":"0.305"|"ms_total":"133.88"|"faces":[{"id":"1"|"bbox":"(736.711|418.889|72.789|97.824)"|"c":"(773.105|467.8)"|"active":"1"|"obf":"1"|"palm":"0"|"g":"OpenPalm"|"stable":"1"|"stableCnt":"999"|"stableReq":"2"|"toggle":"none"|"why":"gestureNoToggle"}]}
2026-08-2--19-20-47,7814,90,6,30955,False,True,{"t_ms":"0"|"faces_total":"1"|"faces_active":"1"|"faces_invalid":"0"|"palms_total":"1"|"pairs_total":"1"|"ms_face":"77.156"|"ms_palm":"39.255"|"ms_pose":"24.189"|"ms_blur":"0.299"|"ms_total":"142.454"|"faces":[{"id":"1"|"bbox":"(736.849|420.421|72.897|96.636)"|"c":"(773.297|468.739)"|"active":"1"|"obf":"1"|"palm":"0"|"g":"OpenPalm"|"stable":"1"|"stableCnt":"999"|"stableReq":"2"|"toggle":"none"|"why":"gestureNoToggle"}]}
2026-08-2--19-20-47,7980,91,6,31379,False,True,{"t_ms":"0"|"faces_total":"1"|"faces_active":"1"|"faces_invalid":"0"|"palms_total":"1"|"pairs_total":"1"|"ms_face":"86.386"|"ms_palm":"40.146"|"ms_pose":"22.874"|"ms_blur":"0.297"|"ms_total":"151.401"|"faces":[{"id":"1"|"bbox":"(737.053|420.798|72.984|96.006)"|"c":"(773.545|468.801)"|"active":"1"|"obf":"1"|"palm":"0"|"g":"OpenPalm"|"stable":"1"|"stableCnt":"999"|"stableReq":"2"|"toggle":"none"|"why":"gestureNoToggle"}]}
2026-08-2--19-20-47,8164,92,5,31800,False,True,{"t_ms":"0"|"faces_total":"1"|"faces_active":"1"|"faces_invalid":"0"|"palms_total":"1"|"pairs_total":"1"|"ms_face":"72.507"|"ms_palm":"36.233"|"ms_pose":"25.926"|"ms_blur":"0.313"|"ms_total":"136.31"|"faces":[{"id":"1"|"bbox":"(737.888|419.678|72.108|97.2)"|"c":"(773.942|468.278)"|"active":"1"|"obf":"1"|"palm":"0"|"g":"OpenPalm"|"stable":"1"|"stableCnt":"999"|"stableReq":"2"|"toggle":"none"|"why":"gestureNoToggle"}]}
2026-08-2--19-20-47,8332,93,5,32223,False,True,{"t_ms":"0"|"faces_total":"1"|"faces_active":"1"|"faces_invalid":"0"|"palms_total":"1"|"pairs_total":"1"|"ms_face":"79.379"|"ms_palm":"39.231"|"ms_pose":"24.957"|"ms_blur":"0.365"|"ms_total":"145.244"|"faces":[{"id":"1"|"bbox":"(738.59|421.603|71.313|96.405)"|"c":"(774.247|469.805)"|"active":"1"|"obf":"1"|"palm":"0"|"g":"ThumbsUp"|"stable":"1"|"stableCnt":"999"|"stableReq":"2"|"toggle":"none"|"why":"gestureNoToggle"}]}
2026-08-2--19-20-47,8517,94,5,32647,False,True,{"t_ms":"0"|"faces_total":"1"|"faces_active":"1"|"faces_invalid":"0"|"palms_total":"1"|"pairs_total":"1"|"ms_face":"66.084"|"ms_palm":"37.047"|"ms_pose":"22.051"|"ms_blur":"0.301"|"ms_total":"126.853"|"faces":[{"id":"1"|"bbox":"(737.917|420.593|71.858|98.085)"|"c":"(773.847|469.636)"|"active":"1"|"obf":"1"|"palm":"0"|"g":"ThumbsUp"|"stable":"1"|"stableCnt":"999"|"stableReq":"2"|"toggle":"none"|"why":"gestureNoToggle"}]}
2026-08-2--19-20-47,8677,95,5,32859,False,True,{"t_ms":"0"|"faces_total":"1"|"faces_active":"1"|"faces_invalid":"0"|"palms_total":"1"|"pairs_total":"1"|"ms_face":"76.553"|"ms_palm":"37.26"|"ms_pose":"23.988"|"ms_blur":"0.421"|"ms_total":"143.237"|"faces":[]}
2026-08-2--19-20-47,8845,96,5,33072,False,True,{"t_ms":"0"|"faces_total":"1"|"faces_active":"1"|"faces_invalid":"0"|"palms_total":"1"|"pairs_total":"1"|"ms_face":"75.038"|"ms_palm":"38.766"|"ms_pose":"24.345"|"ms_blur":"0.276"|"ms_total":"140.863"|"faces":[]}
2026-08-2--19-20-47,9015,97,5,33486,False,True,{"t_ms":"0"|"faces_total":"1"|"faces_active":"1"|"faces_invalid":"0"|"palms_total":"0"|"pairs_total":"0"|"ms_face":"77.476"|"ms_palm":"39.359"|"ms_pose":"0"|"ms_blur":"0.267"|"ms_total":"118.483"|"faces":[{"id":"1"|"bbox":"(739.524|422.871|70.536|94.389)"|"c":"(774.792|470.065)"|"active":"1"|"obf":"1"|"palm":"-1"|"g":"None"|"stable":"0"|"stableCnt":"999"|"stableReq":"2"|"toggle":"none"|"why":"noPalmMatched"}]}
2026-08-2--19-20-47,9165,98,6,33899,False,True,{"t_ms":"0"|"faces_total":"1"|"faces_active":"1"|"faces_invalid":"0"|"palms_total":"0"|"pairs_total":"0"|"ms_face":"69.678"|"ms_palm":"39.567"|"ms_pose":"0"|"ms_blur":"0.373"|"ms_total":"111.02"|"faces":[{"id":"1"|"bbox":"(738.494|423.502|71.212|93.923)"|"c":"(774.099|470.464)"|"active":"1"|"obf":"1"|"palm":"-1"|"g":"None"|"stable":"0"|"stableCnt":"999"|"stableReq":"2"|"toggle":"none"|"why":"noPalmMatched"}]}
2026-08-2--19-20-47,9293,99,6,34311,False,True,{"t_ms":"0"|"faces_total":"1"|"faces_active":"1"|"faces_invalid":"0"|"palms_total":"0"|"pairs_total":"0"|"ms_face":"77.403"|"ms_palm":"41.93"|"ms_pose":"0"|"ms_blur":"0.277"|"ms_total":"123.574"|"faces":[{"id":"1"|"bbox":"(736.194|423.665|73.27|94.019)"|"c":"(772.829|470.674)"|"active":"1"|"obf":"1"|"palm":"-1"|"g":"None"|"stable":"0"|"stableCnt":"999"|"stableReq":"2"|"toggle":"none"|"why":"noPalmMatched"}]}
2026-08-2--19-20-47,9445,100,6,34725,False,True,{"t_ms":"0"|"faces_total":"1"|"faces_active":"1"|"faces_invalid":"0"|"palms_total":"1"|"pairs_total":"0"|"ms_face":"70.169"|"ms_palm":"37.569"|"ms_pose":"0"|"ms_blur":"0.329"|"ms_total":"110.139"|"faces":[{"id":"1"|"bbox":"(732.359|421.667|74.017|96.472)"|"c":"(769.368|469.903)"|"active":"1"|"obf":"1"|"palm":"-1"|"g":"None"|"stable":"0"|"stableCnt":"999"|"stableReq":"2"|"toggle":"none"|"why":"noPalmMatched"}]}
2026-08-2--19-20-47,9578,101,6,35138,False,True,{"t_ms":"0"|"faces_total":"1"|"faces_active":"1"|"faces_invalid":"0"|"palms_total":"0"|"pairs_total":"0"|"ms_face":"73.44"|"ms_palm":"35.509"|"ms_pose":"0"|"ms_blur":"0.401"|"ms_total":"114.474"|"faces":[{"id":"1"|"bbox":"(731.402|420.331|74.882|97.566)"|"c":"(768.843|469.114)"|"active":"1"|"obf":"1"|"palm":"-1"|"g":"None"|"stable":"0"|"stableCnt":"999"|"stableReq":"2"|"toggle":"none"|"why":"noPalmMatched"}]}
2026-08-2--19-20-47,9711,102,6,35551,False,True,{"t_ms":"0"|"faces_total":"1"|"faces_active":"1"|"faces_invalid":"0"|"palms_total":"0"|"pairs_total":"0"|"ms_face":"78.042"|"ms_palm":"35.255"|"ms_pose":"0"|"ms_blur":"0.316"|"ms_total":"115.275"|"faces":[{"id":"1"|"bbox":"(730.935|419.853|74.933|98.22)"|"c":"(768.402|468.963)"|"active":"1"|"obf":"1"|"palm":"-1"|"g":"None"|"stable":"0"|"stableCnt":"999"|"stableReq":"2"|"toggle":"none"|"why":"noPalmMatched"}]}
2026-08-2--19-20-47,9845,103,6,35958,False,True,{"t_ms":"0"|"faces_total":"1"|"faces_active":"1"|"faces_invalid":"0"|"palms_total":"0"|"pairs_total":"0"|"ms_face":"69.003"|"ms_palm":"37.981"|"ms_pose":"0"|"ms_blur":"0.31"|"ms_total":"113.915"|"faces":[{"id":"1"|"bbox":"(731.1|421|74.603|97.894)"|"c":"(768.401|469.947)"|"active":"1"|"obf":"1"|"palm":"-1"|"g":"None"|"stable":"0"|"stableCnt":"999"|"stableReq":"2"|"toggle":"none"|"why":"noPalmMatched"}]}
2026-08-2--19-20-47,9978,104,6,36372,False,True,{"t_ms":"0"|"faces_total":"1"|"faces_active":"1"|"faces_invalid":"0"|"palms_total":"1"|"pairs_total":"0"|"ms_face":"73.366"|"ms_palm":"34.322"|"ms_pose":"0"|"ms_blur":"0.305"|"ms_total":"109.707"|"faces":[{"id":"1"|"bbox":"(731.385|423.061|73.802|95.883)"|"c":"(768.286|471.002)"|"active":"1"|"obf":"1"|"palm":"-1"|"g":"None"|"stable":"0"|"stableCnt":"999"|"stableReq":"2"|"toggle":"none"|"why":"noPalmMatched"}]}
2026-08-2--19-20-47,10112,105,7,36784,False,True,{"t_ms":"0"|"faces_total":"1"|"faces_active":"1"|"faces_invalid":"0"|"palms_total":"0"|"pairs_total":"0"|"ms_face":"78.622"|"ms_palm":"38.054"|"ms_pose":"0"|"ms_blur":"0.374"|"ms_total":"121.28"|"faces":[{"id":"1"|"bbox":"(731.284|423.48|74.061|96.591)"|"c":"(768.315|471.776)"|"active":"1"|"obf":"1"|"palm":"-1"|"g":"None"|"stable":"0"|"stableCnt":"999"|"stableReq":"2"|"toggle":"none"|"why":"noPalmMatched"}]}
2026-08-2--19-20-47,10263,106,6,37197,False,True,{"t_ms":"0"|"faces_total":"1"|"faces_active":"1"|"faces_invalid":"0"|"palms_total":"0"|"pairs_total":"0"|"ms_face":"69.361"|"ms_palm":"37.996"|"ms_pose":"0"|"ms_blur":"0.371"|"ms_total":"109.186"|"faces":[{"id":"1"|"bbox":"(735.35|426.941|70.735|92.775)"|"c":"(770.717|473.329)"|"active":"1"|"obf":"1"|"palm":"-1"|"g":"None"|"stable":"0"|"stableCnt":"999"|"stableReq":"2"|"toggle":"none"|"why":"noPalmMatched"}]}
2026-08-2--19-20-47,10396,107,7,37610,False,True,{"t_ms":"0"|"faces_total":"1"|"faces_active":"1"|"faces_invalid":"0"|"palms_total":"1"|"pairs_total":"0"|"ms_face":"74.852"|"ms_palm":"35.734"|"ms_pose":"0"|"ms_blur":"0.327"|"ms_total":"115.065"|"faces":[{"id":"1"|"bbox":"(736.382|428.702|71.455|92.196)"|"c":"(772.11|474.799)"|"active":"1"|"obf":"1"|"palm":"-1"|"g":"None"|"stable":"0"|"stableCnt":"999"|"stableReq":"2"|"toggle":"none"|"why":"noPalmMatched"}]}
2026-08-2--19-20-47,10528,108,7,38034,False,True,{"t_ms":"0"|"faces_total":"1"|"faces_active":"1"|"faces_invalid":"0"|"palms_total":"1"|"pairs_total":"1"|"ms_face":"75.562"|"ms_palm":"35.099"|"ms_pose":"22.994"|"ms_blur":"0.272"|"ms_total":"135.499"|"faces":[{"id":"1"|"bbox":"(737.457|427.677|71.645|92.137)"|"c":"(773.279|473.745)"|"active":"1"|"obf":"1"|"palm":"0"|"g":"ThumbsUp"|"stable":"1"|"stableCnt":"999"|"stableReq":"2"|"toggle":"none"|"why":"gestureNoToggle"}]}
2026-08-2--19-20-47,10680,109,7,38447,False,True,{"t_ms":"0"|"faces_total":"1"|"faces_active":"1"|"faces_invalid":"0"|"palms_total":"1"|"pairs_total":"1"|"ms_face":"70.922"|"ms_palm":"34.694"|"ms_pose":"22.936"|"ms_blur":"0.29"|"ms_total":"133.83"|"faces":[{"id":"1"|"bbox":"(737.353|426.906|71.424|92.122)"|"c":"(773.065|472.967)"|"active":"1"|"obf":"0"|"palm":"0"|"g":"TwoFingers"|"stable":"1"|"stableCnt":"0"|"stableReq":"2"|"toggle":"off"|"why":"gesture"}]}
2026-08-2--19-20-47,10852,110,6,38854,False,True,{"t_ms":"0"|"faces_total":"1"|"faces_active":"1"|"faces_invalid":"0"|"palms_total":"0"|"pairs_total":"0"|"ms_face":"73.737"|"ms_palm":"38.74"|"ms_pose":"0"|"ms_blur":"0"|"ms_total":"117.307"|"faces":[{"id":"1"|"bbox":"(738.903|427.013|71.461|92.087)"|"c":"(774.633|473.057)"|"active":"1"|"obf":"0"|"palm":"-1"|"g":"None"|"stable":"0"|"stableCnt":"0"|"stableReq":"2"|"toggle":"none"|"why":"noPalmMatched"}]}
2026-08-2--19-20-47,10997,111,6,39262,False,True,{"t_ms":"0"|"faces_total":"1"|"faces_active":"1"|"faces_invalid":"0"|"palms_total":"0"|"pairs_total":"0"|"ms_face":"71.046"|"ms_palm":"39.451"|"ms_pose":"0"|"ms_blur":"0"|"ms_total":"111.897"|"faces":[{"id":"1"|"bbox":"(736.167|428.905|72.652|91.437)"|"c":"(772.493|474.623)"|"active":"1"|"obf":"0"|"palm":"-1"|"g":"None"|"stable":"0"|"stableCnt":"0"|"stableReq":"2"|"toggle":"none"|"why":"noPalmMatched"}]}
2026-08-2--19-20-47,11130,112,6,39668,False,True,{"t_ms":"0"|"faces_total":"1"|"faces_active":"1"|"faces_invalid":"0"|"palms_total":"0"|"pairs_total":"0"|"ms_face":"80.179"|"ms_palm":"36.66"|"ms_pose":"0"|"ms_blur":"0"|"ms_total":"121.103"|"faces":[{"id":"1"|"bbox":"(735.64|428.355|73.071|91.825)"|"c":"(772.176|474.268)"|"active":"1"|"obf":"0"|"palm":"-1"|"g":"None"|"stable":"0"|"stableCnt":"0"|"stableReq":"2"|"toggle":"none"|"why":"noPalmMatched"}]}
2026-08-2--19-20-47,11283,113,6,40076,False,True,{"t_ms":"0"|"faces_total":"1"|"faces_active":"1"|"faces_invalid":"0"|"palms_total":"0"|"pairs_total":"0"|"ms_face":"66.952"|"ms_palm":"37.236"|"ms_pose":"0"|"ms_blur":"0"|"ms_total":"106.301"|"faces":[{"id":"1"|"bbox":"(735.682|427.802|72.169|92.462)"|"c":"(771.766|474.033)"|"active":"1"|"obf":"0"|"palm":"-1"|"g":"None"|"stable":"0"|"stableCnt":"0"|"stableReq":"2"|"toggle":"none"|"why":"noPalmMatched"}]}
2026-08-2--19-20-47,11414,114,6,40486,False,True,{"t_ms":"0"|"faces_total":"1"|"faces_active":"1"|"faces_invalid":"0"|"palms_total":"0"|"pairs_total":"0"|"ms_face":"67.632"|"ms_palm":"39.134"|"ms_pose":"0"|"ms_blur":"0.001"|"ms_total":"108.082"|"faces":[{"id":"1"|"bbox":"(735.702|427.85|72.516|92.355)"|"c":"(771.96|474.028)"|"active":"1"|"obf":"0"|"palm":"-1"|"g":"None"|"stable":"0"|"stableCnt":"0"|"stableReq":"2"|"toggle":"none"|"why":"noPalmMatched"}]}
2026-08-2--19-20-47,11553,115,7,40894,False,True,{"t_ms":"0"|"faces_total":"1"|"faces_active":"1"|"faces_invalid":"0"|"palms_total":"0"|"pairs_total":"0"|"ms_face":"74.404"|"ms_palm":"36.793"|"ms_pose":"0"|"ms_blur":"0"|"ms_total":"112.628"|"faces":[{"id":"1"|"bbox":"(736.073|427.334|72.624|92.844)"|"c":"(772.385|473.755)"|"active":"1"|"obf":"0"|"palm":"-1"|"g":"None"|"stable":"0"|"stableCnt":"0"|"stableReq":"2"|"toggle":"none"|"why":"noPalmMatched"}]}
2026-08-2--19-20-47,11682,116,7,41302,False,True,{"t_ms":"0"|"faces_total":"1"|"faces_active":"1"|"faces_invalid":"0"|"palms_total":"0"|"pairs_total":"0"|"ms_face":"72.746"|"ms_palm":"37.481"|"ms_pose":"0"|"ms_blur":"0"|"ms_total":"111.442"|"faces":[{"id":"1"|"bbox":"(734.798|427.337|71.728|92.574)"|"c":"(770.662|473.624)"|"active":"1"|"obf":"0"|"palm":"-1"|"g":"None"|"stable":"0"|"stableCnt":"0"|"stableReq":"2"|"toggle":"none"|"why":"noPalmMatched"}]}
2026-08-2--19-20-47,11820,117,7,41710,False,True,{"t_ms":"0"|"faces_total":"1"|"faces_active":"1"|"faces_invalid":"0"|"palms_total":"0"|"pairs_total":"0"|"ms_face":"76.382"|"ms_palm":"39.681"|"ms_pose":"0"|"ms_blur":"0"|"ms_total":"117.439"|"faces":[{"id":"1"|"bbox":"(734.581|427.506|72.454|93.238)"|"c":"(770.808|474.125)"|"active":"1"|"obf":"0"|"palm":"-1"|"g":"None"|"stable":"0"|"stableCnt":"0"|"stableReq":"2"|"toggle":"none"|"why":"noPalmMatched"}]}
2026-08-2--19-20-47,11966,118,7,42118,False,True,{"t_ms":"0"|"faces_total":"1"|"faces_active":"1"|"faces_invalid":"0"|"palms_total":"0"|"pairs_total":"0"|"ms_face":"75.995"|"ms_palm":"40.976"|"ms_pose":"0"|"ms_blur":"0"|"ms_total":"121.037"|"faces":[{"id":"1"|"bbox":"(735.513|428.108|72.725|92.011)"|"c":"(771.875|474.113)"|"active":"1"|"obf":"0"|"palm":"-1"|"g":"None"|"stable":"0"|"stableCnt":"0"|"stableReq":"2"|"toggle":"none"|"why":"noPalmMatched"}]}
2026-08-2--19-20-47,12119,119,7,42525,False,True,{"t_ms":"0"|"faces_total":"1"|"faces_active":"1"|"faces_invalid":"0"|"palms_total":"0"|"pairs_total":"0"|"ms_face":"68.259"|"ms_palm":"37.81"|"ms_pose":"0"|"ms_blur":"0"|"ms_total":"107.565"|"faces":[{"id":"1"|"bbox":"(735.672|427.897|73.108|92.296)"|"c":"(772.226|474.044)"|"active":"1"|"obf":"0"|"palm":"-1"|"g":"None"|"stable":"0"|"stableCnt":"0"|"stableReq":"2"|"toggle":"none"|"why":"noPalmMatched"}]}
2026-08-2--19-20-47,12252,120,7,42936,False,True,{"t_ms":"0"|"faces_total":"1"|"faces_active":"1"|"faces_invalid":"0"|"palms_total":"0"|"pairs_total":"0"|"ms_face":"79.337"|"ms_palm":"39.133"|"ms_pose":"0"|"ms_blur":"0.001"|"ms_total":"122.861"|"faces":[{"id":"1"|"bbox":"(736.79|428.275|71.995|91.709)"|"c":"(772.788|474.129)"|"active":"1"|"obf":"0"|"palm":"-1"|"g":"None"|"stable":"0"|"stableCnt":"0"|"stableReq":"2"|"toggle":"none"|"why":"noPalmMatched"}]}
2026-08-2--19-20-47,12401,121,6,43343,False,True,{"t_ms":"0"|"faces_total":"1"|"faces_active":"1"|"faces_invalid":"0"|"palms_total":"0"|"pairs_total":"0"|"ms_face":"70.128"|"ms_palm":"38.212"|"ms_pose":"0"|"ms_blur":"0"|"ms_total":"109.812"|"faces":[{"id":"1"|"bbox":"(736.006|427.87|72.662|92.631)"|"c":"(772.337|474.186)"|"active":"1"|"obf":"0"|"palm":"-1"|"g":"None"|"stable":"0"|"stableCnt":"0"|"stableReq":"2"|"toggle":"none"|"why":"noPalmMatched"}]}
2026-08-2--19-20-47,12533,122,7,43750,False,True,{"t_ms":"0"|"faces_total":"1"|"faces_active":"1"|"faces_invalid":"0"|"palms_total":"0"|"pairs_total":"0"|"ms_face":"74.548"|"ms_palm":"39.072"|"ms_pose":"0"|"ms_blur":"0"|"ms_total":"118.844"|"faces":[{"id":"1"|"bbox":"(737.76|427.648|71.285|91.553)"|"c":"(773.402|473.424)"|"active":"1"|"obf":"0"|"palm":"-1"|"g":"None"|"stable":"0"|"stableCnt":"0"|"stableReq":"2"|"toggle":"none"|"why":"noPalmMatched"}]}
2026-08-2--19-20-47,12667,123,7,44157,False,True,{"t_ms":"0"|"faces_total":"1"|"faces_active":"1"|"faces_invalid":"0"|"palms_total":"0"|"pairs_total":"0"|"ms_face":"77.247"|"ms_palm":"37.319"|"ms_pose":"0"|"ms_blur":"0"|"ms_total":"116.354"|"faces":[{"id":"1"|"bbox":"(736.015|427.467|71.54|93.225)"|"c":"(771.785|474.079)"|"active":"1"|"obf":"0"|"palm":"-1"|"g":"None"|"stable":"0"|"stableCnt":"0"|"stableReq":"2"|"toggle":"none"|"why":"noPalmMatched"}]}
2026-08-2--19-20-47,12799,124,7,44569,False,True,{"t_ms":"0"|"faces_total":"1"|"faces_active":"1"|"faces_invalid":"0"|"palms_total":"0"|"pairs_total":"0"|"ms_face":"68.987"|"ms_palm":"42.123"|"ms_pose":"0"|"ms_blur":"0.001"|"ms_total":"115.471"|"faces":[{"id":"1"|"bbox":"(736.989|428.821|72.289|92.164)"|"c":"(773.133|474.903)"|"active":"1"|"obf":"0"|"palm":"-1"|"g":"None"|"stable":"0"|"stableCnt":"0"|"stableReq":"2"|"toggle":"none"|"why":"noPalmMatched"}]}
2026-08-2--19-20-47,12933,125,7,44975,False,True,{"t_ms":"0"|"faces_total":"1"|"faces_active":"1"|"faces_invalid":"0"|"palms_total":"0"|"pairs_total":"0"|"ms_face":"73.29"|"ms_palm":"36.772"|"ms_pose":"0"|"ms_blur":"0"|"ms_total":"111.314"|"faces":[{"id":"1"|"bbox":"(739.56|429.149|70.968|92.252)"|"c":"(775.044|475.274)"|"active":"1"|"obf":"0"|"palm":"-1"|"g":"None"|"stable":"0"|"stableCnt":"0"|"stableReq":"2"|"toggle":"none"|"why":"noPalmMatched"}]}
2026-08-2--19-20-47,13067,126,7,45381,False,True,{"t_ms":"0"|"faces_total":"1"|"faces_active":"1"|"faces_invalid":"0"|"palms_total":"0"|"pairs_total":"0"|"ms_face":"77.19"|"ms_palm":"41.233"|"ms_pose":"0"|"ms_blur":"0"|"ms_total":"122.948"|"faces":[{"id":"1"|"bbox":"(740.354|429.201|70.713|92.107)"|"c":"(775.71|475.255)"|"active":"1"|"obf":"0"|"palm":"-1"|"g":"None"|"stable":"0"|"stableCnt":"0"|"stableReq":"2"|"toggle":"none"|"why":"noPalmMatched"}]}
2026-08-2--19-20-47,13220,127,7,45788,False,True,{"t_ms":"0"|"faces_total":"1"|"faces_active":"1"|"faces_invalid":"0"|"palms_total":"0"|"pairs_total":"0"|"ms_face":"71.892"|"ms_palm":"36.057"|"ms_pose":"0"|"ms_blur":"0"|"ms_total":"109.56"|"faces":[{"id":"1"|"bbox":"(741.262|428.611|70.231|92.072)"|"c":"(776.377|474.647)"|"active":"1"|"obf":"0"|"palm":"-1"|"g":"None"|"stable":"0"|"stableCnt":"0"|"stableReq":"2"|"toggle":"none"|"why":"noPalmMatched"}]}
2026-08-2--19-20-47,13351,128,7,46194,False,True,{"t_ms":"0"|"faces_total":"1"|"faces_active":"1"|"faces_invalid":"0"|"palms_total":"0"|"pairs_total":"0"|"ms_face":"74.173"|"ms_palm":"35.526"|"ms_pose":"0"|"ms_blur":"0"|"ms_total":"113.49"|"faces":[{"id":"1"|"bbox":"(740.35|423.834|74.494|95.163)"|"c":"(777.597|471.415)"|"active":"1"|"obf":"0"|"palm":"-1"|"g":"None"|"stable":"0"|"stableCnt":"0"|"stableReq":"2"|"toggle":"none"|"why":"noPalmMatched"}]}
2026-08-2--19-20-47,13486,129,7,46602,False,True,{"t_ms":"0"|"faces_total":"1"|"faces_active":"1"|"faces_invalid":"0"|"palms_total":"0"|"pairs_total":"0"|"ms_face":"79.258"|"ms_palm":"36.391"|"ms_pose":"0"|"ms_blur":"0"|"ms_total":"116.996"|"faces":[{"id":"1"|"bbox":"(743.629|421.267|73.571|96.142)"|"c":"(780.415|469.338)"|"active":"1"|"obf":"0"|"palm":"-1"|"g":"None"|"stable":"0"|"stableCnt":"0"|"stableReq":"2"|"toggle":"none"|"why":"noPalmMatched"}]}
2026-08-2--19-20-47,13634,130,7,47009,False,True,{"t_ms":"0"|"faces_total":"1"|"faces_active":"1"|"faces_invalid":"0"|"palms_total":"0"|"pairs_total":"0"|"ms_face":"66.454"|"ms_palm":"45.04"|"ms_pose":"0"|"ms_blur":"0"|"ms_total":"115.701"|"faces":[{"id":"1"|"bbox":"(739.773|418.036|77.969|99.698)"|"c":"(778.757|467.885)"|"active":"1"|"obf":"0"|"palm":"-1"|"g":"None"|"stable":"0"|"stableCnt":"0"|"stableReq":"2"|"toggle":"none"|"why":"noPalmMatched"}]}
2026-08-2--19-20-47,13768,131,7,47415,False,True,{"t_ms":"0"|"faces_total":"1"|"faces_active":"1"|"faces_invalid":"0"|"palms_total":"0"|"pairs_total":"0"|"ms_face":"86.87"|"ms_palm":"35.654"|"ms_pose":"0"|"ms_blur":"0"|"ms_total":"123.75"|"faces":[{"id":"1"|"bbox":"(740.632|417.678|77.954|99.548)"|"c":"(779.609|467.452)"|"active":"1"|"obf":"0"|"palm":"-1"|"g":"None"|"stable":"0"|"stableCnt":"0"|"stableReq":"2"|"toggle":"none"|"why":"noPalmMatched"}]}
2026-08-2--19-20-47,13924,132,7,47823,False,True,{"t_ms":"0"|"faces_total":"1"|"faces_active":"1"|"faces_invalid":"0"|"palms_total":"0"|"pairs_total":"0"|"ms_face":"65.326"|"ms_palm":"38.837"|"ms_pose":"0"|"ms_blur":"0"|"ms_total":"105.377"|"faces":[{"id":"1"|"bbox":"(737.594|416.506|81.266|103.927)"|"c":"(778.227|468.47)"|"active":"1"|"obf":"0"|"palm":"-1"|"g":"None"|"stable":"0"|"stableCnt":"0"|"stableReq":"2"|"toggle":"none"|"why":"noPalmMatched"}]}
2026-08-2--19-20-47,14055,133,7,48032,False,True,{"t_ms":"0"|"faces_total":"1"|"faces_active":"1"|"faces_invalid":"0"|"palms_total":"1"|"pairs_total":"1"|"ms_face":"72.956"|"ms_palm":"38.527"|"ms_pose":"24.479"|"ms_blur":"0"|"ms_total":"140.434"|"faces":[]}
2026-08-2--19-20-47,14223,134,6,48441,False,True,{"t_ms":"0"|"faces_total":"1"|"faces_active":"1"|"faces_invalid":"0"|"palms_total":"0"|"pairs_total":"0"|"ms_face":"77.977"|"ms_palm":"38.581"|"ms_pose":"0"|"ms_blur":"0"|"ms_total":"118.087"|"faces":[{"id":"1"|"bbox":"(736.748|415.564|81.802|110.011)"|"c":"(777.649|470.569)"|"active":"1"|"obf":"0"|"palm":"-1"|"g":"None"|"stable":"0"|"stableCnt":"0"|"stableReq":"2"|"toggle":"none"|"why":"noPalmMatched"}]}
2026-08-2--19-20-47,14370,135,6,48850,False,True,{"t_ms":"0"|"faces_total":"1"|"faces_active":"1"|"faces_invalid":"0"|"palms_total":"0"|"pairs_total":"0"|"ms_face":"73.667"|"ms_palm":"37.689"|"ms_pose":"0"|"ms_blur":"0"|"ms_total":"115.842"|"faces":[{"id":"1"|"bbox":"(738.289|419.336|77.706|101.353)"|"c":"(777.142|470.013)"|"active":"1"|"obf":"0"|"palm":"-1"|"g":"None"|"stable":"0"|"stableCnt":"0"|"stableReq":"2"|"toggle":"none"|"why":"noPalmMatched"}]}
2026-08-2--19-20-47,14503,136,6,49258,False,True,{"t_ms":"0"|"faces_total":"1"|"faces_active":"1"|"faces_invalid":"0"|"palms_total":"0"|"pairs_total":"0"|"ms_face":"71.025"|"ms_palm":"35.716"|"ms_pose":"0"|"ms_blur":"0"|"ms_total":"108.078"|"faces":[{"id":"1"|"bbox":"(737.019|418.382|79.781|103.063)"|"c":"(776.91|469.913)"|"active":"1"|"obf":"0"|"palm":"-1"|"g":"None"|"stable":"0"|"stableCnt":"0"|"stableReq":"2"|"toggle":"none"|"why":"noPalmMatched"}]}
2026-08-2--19-20-47,14637,137,7,49667,False,True,{"t_ms":"0"|"faces_total":"1"|"faces_active":"1"|"faces_invalid":"0"|"palms_total":"0"|"pairs_total":"0"|"ms_face":"79.376"|"ms_palm":"41.106"|"ms_pose":"0"|"ms_blur":"0"|"ms_total":"124.475"|"faces":[{"id":"1"|"bbox":"(737.646|415.906|79.258|106.744)"|"c":"(777.275|469.278)"|"active":"1"|"obf":"0"|"palm":"-1"|"g":"None"|"stable":"0"|"stableCnt":"0"|"stableReq":"2"|"toggle":"none"|"why":"noPalmMatched"}]}
2026-08-2--19-20-47,14790,138,6,50074,False,True,{"t_ms":"0"|"faces_total":"1"|"faces_active":"1"|"faces_invalid":"0"|"palms_total":"0"|"pairs_total":"0"|"ms_face":"70.228"|"ms_palm":"40.744"|"ms_pose":"0"|"ms_blur":"0"|"ms_total":"112.529"|"faces":[{"id":"1"|"bbox":"(738.144|417.3|78.059|107.772)"|"c":"(777.174|471.186)"|"active":"1"|"obf":"0"|"palm":"-1"|"g":"None"|"stable":"0"|"stableCnt":"0"|"stableReq":"2"|"toggle":"none"|"why":"noPalmMatched"}]}
2026-08-2--19-20-47,14920,139,7,50481,False,True,{"t_ms":"0"|"faces_total":"1"|"faces_active":"1"|"faces_invalid":"0"|"palms_total":"0"|"pairs_total":"0"|"ms_face":"80.907"|"ms_palm":"41.655"|"ms_pose":"0"|"ms_blur":"0"|"ms_total":"126.788"|"faces":[{"id":"1"|"bbox":"(735.957|417.18|79.381|107.001)"|"c":"(775.648|470.68)"|"active":"1"|"obf":"0"|"palm":"-1"|"g":"None"|"stable":"0"|"stableCnt":"0"|"stableReq":"2"|"toggle":"none"|"why":"noPalmMatched"}]}
2026-08-2--19-20-47,15071,140,6,50890,False,True,{"t_ms":"0"|"faces_total":"1"|"faces_active":"1"|"faces_invalid":"0"|"palms_total":"0"|"pairs_total":"0"|"ms_face":"67.487"|"ms_palm":"37.415"|"ms_pose":"0"|"ms_blur":"0"|"ms_total":"106.167"|"faces":[{"id":"1"|"bbox":"(734.438|417.794|80.076|106.437)"|"c":"(774.476|471.013)"|"active":"1"|"obf":"0"|"palm":"-1"|"g":"None"|"stable":"0"|"stableCnt":"0"|"stableReq":"2"|"toggle":"none"|"why":"noPalmMatched"}]}
2026-08-2--19-20-47,15205,141,7,51298,False,True,{"t_ms":"0"|"faces_total":"1"|"faces_active":"1"|"faces_invalid":"0"|"palms_total":"0"|"pairs_total":"0"|"ms_face":"69.013"|"ms_palm":"41.203"|"ms_pose":"0"|"ms_blur":"0"|"ms_total":"115.131"|"faces":[{"id":"1"|"bbox":"(732.007|416.468|81.527|108.206)"|"c":"(772.77|470.571)"|"active":"1"|"obf":"0"|"palm":"-1"|"g":"None"|"stable":"0"|"stableCnt":"0"|"stableReq":"2"|"toggle":"none"|"why":"noPalmMatched"}]}
2026-08-2--19-20-47,15338,142,7,51705,False,True,{"t_ms":"0"|"faces_total":"1"|"faces_active":"1"|"faces_invalid":"0"|"palms_total":"0"|"pairs_total":"0"|"ms_face":"83.358"|"ms_palm":"37.737"|"ms_pose":"0"|"ms_blur":"0"|"ms_total":"122.329"|"faces":[{"id":"1"|"bbox":"(731.24|416.249|81.462|107.45)"|"c":"(771.971|469.974)"|"active":"1"|"obf":"0"|"palm":"-1"|"g":"None"|"stable":"0"|"stableCnt":"0"|"stableReq":"2"|"toggle":"none"|"why":"noPalmMatched"}]}
2026-08-2--19-20-47,15493,143,7,52114,False,True,{"t_ms":"0"|"faces_total":"1"|"faces_active":"1"|"faces_invalid":"0"|"palms_total":"0"|"pairs_total":"0"|"ms_face":"67.807"|"ms_palm":"41.493"|"ms_pose":"0"|"ms_blur":"0"|"ms_total":"110.632"|"faces":[{"id":"1"|"bbox":"(728.445|415.536|84.581|107.945)"|"c":"(770.736|469.508)"|"active":"1"|"obf":"0"|"palm":"-1"|"g":"None"|"stable":"0"|"stableCnt":"0"|"stableReq":"2"|"toggle":"none"|"why":"noPalmMatched"}]}
2026-08-2--19-20-47,15623,144,7,52523,False,True,{"t_ms":"0"|"faces_total":"1"|"faces_active":"1"|"faces_invalid":"0"|"palms_total":"0"|"pairs_total":"0"|"ms_face":"70.091"|"ms_palm":"38.246"|"ms_pose":"0"|"ms_blur":"0"|"ms_total":"112.608"|"faces":[{"id":"1"|"bbox":"(731.986|416.671|81.864|107.748)"|"c":"(772.918|470.545)"|"active":"1"|"obf":"0"|"palm":"-1"|"g":"None"|"stable":"0"|"stableCnt":"0"|"stableReq":"2"|"toggle":"none"|"why":"noPalmMatched"}]}
2026-08-2--19-20-47,15758,145,7,52932,False,True,{"t_ms":"0"|"faces_total":"1"|"faces_active":"1"|"faces_invalid":"0"|"palms_total":"0"|"pairs_total":"0"|"ms_face":"83.982"|"ms_palm":"37.772"|"ms_pose":"0"|"ms_blur":"0"|"ms_total":"123.494"|"faces":[{"id":"1"|"bbox":"(731.412|417.333|81.435|107.762)"|"c":"(772.129|471.214)"|"active":"1"|"obf":"0"|"palm":"-1"|"g":"None"|"stable":"0"|"stableCnt":"0"|"stableReq":"2"|"toggle":"none"|"why":"noPalmMatched"}]}
2026-08-2--19-20-47,15906,146,7,53140,False,True,{"t_ms":"0"|"faces_total":"1"|"faces_active":"1"|"faces_invalid":"0"|"palms_total":"1"|"pairs_total":"1"|"ms_face":"66.501"|"ms_palm":"37.738"|"ms_pose":"25.56"|"ms_blur":"0"|"ms_total":"134.282"|"faces":[]}
2026-08-2--19-20-47,16058,147,6,53549,False,True,{"t_ms":"0"|"faces_total":"1"|"faces_active":"1"|"faces_invalid":"0"|"palms_total":"0"|"pairs_total":"0"|"ms_face":"81.093"|"ms_palm":"43.482"|"ms_pose":"0"|"ms_blur":"0"|"ms_total":"125.911"|"faces":[{"id":"1"|"bbox":"(731.228|416.105|82.376|108.172)"|"c":"(772.416|470.191)"|"active":"1"|"obf":"0"|"palm":"-1"|"g":"None"|"stable":"0"|"stableCnt":"0"|"stableReq":"2"|"toggle":"none"|"why":"noPalmMatched"}]}
2026-08-2--19-20-47,16207,148,6,53958,False,True,{"t_ms":"0"|"faces_total":"1"|"faces_active":"1"|"faces_invalid":"0"|"palms_total":"0"|"pairs_total":"0"|"ms_face":"75.849"|"ms_palm":"36.719"|"ms_pose":"0"|"ms_blur":"0"|"ms_total":"116.593"|"faces":[{"id":"1"|"bbox":"(730.041|415.609|83.108|108.737)"|"c":"(771.595|469.977)"|"active":"1"|"obf":"0"|"palm":"-1"|"g":"None"|"stable":"0"|"stableCnt":"0"|"stableReq":"2"|"toggle":"none"|"why":"noPalmMatched"}]}
2026-08-2--19-20-47,16340,149,7,54367,False,True,{"t_ms":"0"|"faces_total":"1"|"faces_active":"1"|"faces_invalid":"0"|"palms_total":"0"|"pairs_total":"0"|"ms_face":"71.117"|"ms_palm":"42.816"|"ms_pose":"0"|"ms_blur":"0"|"ms_total":"115.419"|"faces":[{"id":"1"|"bbox":"(729.336|415.482|83.793|108.368)"|"c":"(771.232|469.666)"|"active":"1"|"obf":"0"|"palm":"-1"|"g":"None"|"stable":"0"|"stableCnt":"0"|"stableReq":"2"|"toggle":"none"|"why":"noPalmMatched"}]}
2026-08-2--19-20-47,16474,150,7,54775,False,True,{"t_ms":"0"|"faces_total":"1"|"faces_active":"1"|"faces_invalid":"0"|"palms_total":"0"|"pairs_total":"0"|"ms_face":"85.218"|"ms_palm":"36.578"|"ms_pose":"0"|"ms_blur":"0"|"ms_total":"126.02"|"faces":[{"id":"1"|"bbox":"(731.351|415.984|82.305|108.711)"|"c":"(772.504|470.339)"|"active":"1"|"obf":"0"|"palm":"-1"|"g":"None"|"stable":"0"|"stableCnt":"0"|"stableReq":"2"|"toggle":"none"|"why":"noPalmMatched"}]}
2026-08-2--19-20-47,16627,151,7,55182,False,True,{"t_ms":"0"|"faces_total":"1"|"faces_active":"1"|"faces_invalid":"0"|"palms_total":"0"|"pairs_total":"0"|"ms_face":"67.12"|"ms_palm":"37.852"|"ms_pose":"0"|"ms_blur":"0"|"ms_total":"106.64"|"faces":[{"id":"1"|"bbox":"(730.883|415.482|83.017|109.041)"|"c":"(772.392|470.003)"|"active":"1"|"obf":"0"|"palm":"-1"|"g":"None"|"stable":"0"|"stableCnt":"0"|"stableReq":"2"|"toggle":"none"|"why":"noPalmMatched"}]}
2026-08-2--19-20-47,16758,152,7,55590,False,True,{"t_ms":"0"|"faces_total":"1"|"faces_active":"1"|"faces_invalid":"0"|"palms_total":"0"|"pairs_total":"0"|"ms_face":"71.374"|"ms_palm":"39.265"|"ms_pose":"0"|"ms_blur":"0"|"ms_total":"114.987"|"faces":[{"id":"1"|"bbox":"(729.973|415.508|83.12|107.873)"|"c":"(771.534|469.444)"|"active":"1"|"obf":"0"|"palm":"-1"|"g":"None"|"stable":"0"|"stableCnt":"0"|"stableReq":"2"|"toggle":"none"|"why":"noPalmMatched"}]}
2026-08-2--19-20-47,16891,153,7,55999,False,True,{"t_ms":"0"|"faces_total":"1"|"faces_active":"1"|"faces_invalid":"0"|"palms_total":"0"|"pairs_total":"0"|"ms_face":"86.265"|"ms_palm":"38.544"|"ms_pose":"0"|"ms_blur":"0"|"ms_total":"126.034"|"faces":[{"id":"1"|"bbox":"(729.551|416.214|83.339|106.791)"|"c":"(771.221|469.609)"|"active":"1"|"obf":"0"|"palm":"-1"|"g":"None"|"stable":"0"|"stableCnt":"0"|"stableReq":"2"|"toggle":"none"|"why":"noPalmMatched"}]}
2026-08-2--19-20-47,17042,154,7,56407,False,True,{"t_ms":"0"|"faces_total":"1"|"faces_active":"1"|"faces_invalid":"0"|"palms_total":"0"|"pairs_total":"0"|"ms_face":"67.744"|"ms_palm":"35.84"|"ms_pose":"0"|"ms_blur":"0"|"ms_total":"108.659"|"faces":[{"id":"1"|"bbox":"(729.381|416.603|84.194|106.331)"|"c":"(771.478|469.769)"|"active":"1"|"obf":"0"|"palm":"-1"|"g":"None"|"stable":"0"|"stableCnt":"0"|"stableReq":"2"|"toggle":"none"|"why":"noPalmMatched"}]}
2026-08-2--19-20-47,17175,155,7,56819,False,True,{"t_ms":"0"|"faces_total":"1"|"faces_active":"1"|"faces_invalid":"0"|"palms_total":"0"|"pairs_total":"0"|"ms_face":"68.48"|"ms_palm":"33.888"|"ms_pose":"0"|"ms_blur":"0.001"|"ms_total":"103.972"|"faces":[{"id":"1"|"bbox":"(729.381|416.603|84.194|106.331)"|"c":"(771.478|469.769)"|"active":"1"|"obf":"0"|"palm":"-1"|"g":"None"|"stable":"0"|"stableCnt":"0"|"stableReq":"2"|"toggle":"none"|"why":"noPalmMatched"}]}
2026-08-2--19-20-47,17309,156,7,57228,False,True,{"t_ms":"0"|"faces_total":"1"|"faces_active":"1"|"faces_invalid":"0"|"palms_total":"0"|"pairs_total":"0"|"ms_face":"75.815"|"ms_palm":"35.878"|"ms_pose":"0"|"ms_blur":"0"|"ms_total":"117.058"|"faces":[{"id":"1"|"bbox":"(729.381|416.603|84.194|106.331)"|"c":"(771.478|469.769)"|"active":"1"|"obf":"0"|"palm":"-1"|"g":"None"|"stable":"0"|"stableCnt":"0"|"stableReq":"2"|"toggle":"none"|"why":"noPalmMatched"}]}
2026-08-2--19-20-47,17442,157,7,57636,False,True,{"t_ms":"0"|"faces_total":"1"|"faces_active":"1"|"faces_invalid":"0"|"palms_total":"0"|"pairs_total":"0"|"ms_face":"65.426"|"ms_palm":"38.247"|"ms_pose":"0"|"ms_blur":"0"|"ms_total":"105.035"|"faces":[{"id":"1"|"bbox":"(725.471|402.06|103.957|141.35)"|"c":"(777.449|472.735)"|"active":"1"|"obf":"0"|"palm":"-1"|"g":"None"|"stable":"0"|"stableCnt":"0"|"stableReq":"2"|"toggle":"none"|"why":"noPalmMatched"}]}
2026-08-2--19-20-47,17577,158,7,58044,False,True,{"t_ms":"0"|"faces_total":"1"|"faces_active":"1"|"faces_invalid":"0"|"palms_total":"0"|"pairs_total":"0"|"ms_face":"76.298"|"ms_palm":"61.399"|"ms_pose":"0"|"ms_blur":"0"|"ms_total":"142.386"|"faces":[{"id":"1"|"bbox":"(725.273|400.04|101.96|139.625)"|"c":"(776.253|469.853)"|"active":"1"|"obf":"0"|"palm":"-1"|"g":"None"|"stable":"0"|"stableCnt":"0"|"stableReq":"2"|"toggle":"none"|"why":"noPalmMatched"}]}
